{"idx": 0, "reward_agent_0": 0.0, "reward_agent_1": 0.0, "reward_agent_2": 0.0, "reward_agent_3": 0.0, "steps_done": 64, "steps": 192, "_timestamp": 1712604205.1800928, "_runtime": 569.6694366931915, "_step": 35, "Critic/Max reward": 0.377250999212265, "Critic/Min reward": -0.40599286556243896, "Critic/Reward": -0.038233835250139236, "Critic/Discount": 0.7350825667381287, "Critic/Value": 0.750272274017334, "Agent/Returns": 0.0893707349896431, "Policy/Entropy": -1.5828202962875366, "Policy/Mean action": 2.059375047683716, "Agent/val_loss": 0.021691877394914627, "Agent/actor_loss": -0.0023766770027577877}