{"idx": 1, "reward_agent_0": 0.0, "reward_agent_1": 0.0, "reward_agent_2": 0.0, "reward_agent_3": 0.0, "steps_done": 64, "steps": 256, "_timestamp": 1712604344.6511033, "_runtime": 709.14044713974, "_step": 48, "Critic/Max reward": 0.10874302685260773, "Critic/Min reward": -0.6128919124603271, "Critic/Reward": -0.2638535499572754, "Critic/Discount": 0.7876428961753845, "Critic/Value": 0.07819921523332596, "Agent/Returns": -0.7909315824508667, "Policy/Entropy": -1.5695544481277466, "Policy/Mean action": 2.005125045776367, "Agent/val_loss": 0.04052416607737541, "Agent/actor_loss": 0.014495443552732468}