{"idx": 0, "reward_agent_0": 0.0, "reward_agent_1": 0.0, "reward_agent_2": 0.0, "reward_agent_3": 0.0, "steps_done": 64, "steps": 192, "_timestamp": 1712604142.5432599, "_runtime": 507.03260374069214, "_step": 30, "Critic/Max reward": 0.377250999212265, "Critic/Min reward": -0.40599286556243896, "Critic/Reward": -0.038233835250139236, "Critic/Discount": 0.7350825667381287, "Critic/Value": 0.750272274017334, "Agent/Returns": 0.0893707349896431, "Policy/Entropy": -1.5855287313461304, "Policy/Mean action": 2.0690340995788574, "Agent/val_loss": 0.047153133898973465, "Agent/actor_loss": -0.01879807747900486}